transaction_id,amount,frequency_7d,account_age_days,merchant_risk,location_distance_km,hour,is_international
T0001,42.50,8,1200,0.10,2.1,13,0
T0002,68.20,11,850,0.08,4.2,18,0
T0003,125.00,6,2100,0.15,3.1,12,0
T0004,9500.00,2,640,0.82,4100,3,1
T0005,34.80,15,430,0.05,1.4,16,0
T0006,210.00,7,1700,0.12,5.2,20,0
T0007,4800.00,1,95,0.77,2800,2,1
T0008,76.10,9,940,0.09,2.8,11,0
T0009,55.40,12,3100,0.07,1.8,14,0
T0010,6100.00,1,75,0.91,5200,4,1
T0011,90.50,10,1500,0.10,3.0,19,0
T0012,135.20,8,730,0.14,6.1,15,0
T0013,47.30,14,2500,0.06,2.2,10,0
T0014,2200.00,2,320,0.68,1500,1,1
T0015,81.60,13,1100,0.09,3.6,17,0
