transaction_id,customer_id,amount,merchant_risk,location_distance_km,hour,is_international,failed_transactions_7d,transaction_velocity,anomaly_score,review_priority
TXN_0046230,CUST_02040,43638.6,5,1863.38,2,1,13,44,0.7919606894979941,Critical Review
TXN_0032565,CUST_00699,36557.17,5,1864.47,20,1,8,48,0.7889259235637862,Critical Review
TXN_0007412,CUST_02863,47199.99,5,1363.81,2,1,14,52,0.788788728591285,Critical Review
TXN_0014465,CUST_04088,20580.09,4,1618.6,21,1,14,56,0.7878014748527131,Critical Review
TXN_0009888,CUST_04224,37995.94,4,1471.9,0,1,13,41,0.7856760023297086,Critical Review
TXN_0021098,CUST_04622,35668.29,4,1716.63,21,1,12,48,0.7856510977638131,Critical Review
TXN_0026199,CUST_03008,42248.54,5,1789.19,22,1,10,35,0.7841153766609577,Critical Review
TXN_0041217,CUST_02445,46310.73,4,740.42,0,1,13,59,0.7839427399438793,Critical Review
TXN_0020791,CUST_03735,41519.84,5,1355.38,13,1,12,51,0.783812854379075,Critical Review
TXN_0007248,CUST_01123,48496.14,5,1976.02,20,1,13,58,0.7837766664367007,Critical Review
TXN_0010880,CUST_01841,17788.31,5,873.47,0,1,11,46,0.7836977190864105,Critical Review
TXN_0009126,CUST_00464,26730.06,4,1416.99,18,1,14,54,0.7835488686806964,Critical Review
TXN_0038847,CUST_02282,20657.09,5,950.51,12,1,14,57,0.7833193539855927,Critical Review
TXN_0043583,CUST_01397,35600.2,4,1817.33,11,1,9,56,0.7831170617178698,Critical Review
TXN_0001960,CUST_03603,40785.16,4,1917.92,4,1,10,37,0.7828514629373179,Critical Review
TXN_0008264,CUST_04812,47102.9,5,1006.23,22,1,11,49,0.7824934850287378,Critical Review
TXN_0008446,CUST_03348,20628.53,4,1615.28,1,1,13,55,0.7821874021942428,Critical Review
TXN_0043484,CUST_00152,49800.06,5,1975.06,13,1,14,56,0.7820931344457464,Critical Review
TXN_0006807,CUST_01583,35085.53,4,1007.02,15,1,14,41,0.781788673724524,Critical Review
TXN_0039929,CUST_02764,12623.76,5,1897.9,6,1,14,53,0.7816564474561498,Critical Review
TXN_0007912,CUST_03499,41779.05,4,1437.27,21,1,13,53,0.7809077124096787,Critical Review
TXN_0044620,CUST_01110,26342.33,4,1350.13,1,1,13,58,0.7804042770968657,Critical Review
TXN_0033796,CUST_00332,45354.11,5,988.02,8,1,13,53,0.7800547506847707,Critical Review
TXN_0042271,CUST_01082,28937.76,5,1593.23,7,1,12,45,0.7799339647294468,Critical Review
TXN_0013082,CUST_02818,36645.55,5,1994.21,20,1,11,32,0.7799037094169001,Critical Review
